epoch,time,train/loss,validated,is_best,current_metric,current_metric_name,best_metric,best_metric_name,best_epoch,train/box_loss,train/cls_loss,train/dfl_loss,metrics/precision,metrics/recall,metrics/mAP50-95,metrics/mAP50,metrics/mAP75,metrics/precision(B),metrics/recall(B),metrics/mAP50(B),metrics/mAP50-95(B),metrics/mAP_small,metrics/mAP_medium,metrics/mAP_large,metrics/AR1,metrics/AR10,metrics/AR100,metrics/AR_max_det,metrics/max_det,metrics/AR_small,metrics/AR_medium,metrics/AR_large,speed/preprocess_ms,speed/inference_ms,speed/postprocess_ms,speed/total_ms,speed/total_s,speed/images_seen,lr/group0,lr/group1,lr/group2
1,312.5801088809967,8.879505743151126,1,1,1.7971251253391337e-05,metrics/mAP50-95,1.7971251253391337e-05,metrics/mAP50-95,1,2.782078133976978,3.4998679731203164,2.597559603660003,1.7971251253391337e-05,0.007053941908713693,1.7971251253391337e-05,9.888072112021222e-05,4.726009593799475e-06,1.7971251253391337e-05,0.007053941908713693,9.888072112021222e-05,1.7971251253391337e-05,0.0,0.0,3.9121496750548234e-05,0.0,0.0008298755186721991,0.007053941908713693,0.007053941908713693,100.0,0.0,0.0,0.015178571428571427,0.28197674811640877,7.821851138827166,25.40350413020653,38.57140752333629,6.094282388687134,158.0,0.0034,0.0034,0.0034
2,120.91734075546265,8.737859238748966,1,1,0.00047677102504429186,metrics/mAP50-95,0.00047677102504429186,metrics/mAP50-95,2,2.776035935982414,3.294179556162461,2.667643754378609,0.00047677102504429186,0.05269709543568465,0.00047677102504429186,0.0023764796886283183,6.972528238739367e-05,0.00047677102504429186,0.05269709543568465,0.0023764796886283183,0.00047677102504429186,0.0,0.0006902653945878569,0.00043125468355633366,0.0016597510373443983,0.012448132780082988,0.05269709543568465,0.05269709543568465,100.0,0.0,0.05394736842105262,0.05848214285714286,0.21638598623155036,5.257045166401924,20.510872708091252,33.91685063325906,5.358862400054932,158.0,0.0067,0.0067,0.0067
3,374.667751789093,8.238465651221897,1,1,0.00133157601363637,metrics/mAP50-95,0.00133157601363637,metrics/mAP50-95,3,2.6501507033472476,3.023920854796534,2.564394124176191,0.00133157601363637,0.09813278008298755,0.00133157601363637,0.006971199490950823,6.390542990393284e-05,0.00133157601363637,0.09813278008298755,0.006971199490950823,0.00133157601363637,0.0016423203712809423,0.0020023047565987475,0.0030854507075865926,0.003112033195020747,0.02136929460580913,0.09813278008298755,0.09813278008298755,100.0,0.08333333333333333,0.14868421052631578,0.048660714285714286,0.23855136919625197,5.00172301183773,27.20256244079976,38.28430024883415,6.048919439315796,158.0,0.01,0.01,0.01
4,120.74788546562195,7.989946443101634,1,1,0.012531147517710261,metrics/mAP50-95,0.012531147517710261,metrics/mAP50-95,4,2.5853895052619604,2.948276291722837,2.4562806564828623,0.012531147517710261,0.18485477178423237,0.012531147517710261,0.03719454519675674,0.01060862838985361,0.012531147517710261,0.18485477178423237,0.03719454519675674,0.012531147517710261,0.014227267745420475,0.019949032775784276,0.002083871684261446,0.008713692946058092,0.04854771784232365,0.18485477178423237,0.18485477178423237,100.0,0.13999999999999999,0.2872807017543859,0.08660714285714285,0.199319441107255,5.259756800494617,25.27549900586092,37.6588091065612,5.95009183883667,158.0,0.009871428571428571,0.009871428571428571,0.009871428571428571
5,120.07844996452332,7.684242657993151,1,0,0.010470350878125225,metrics/mAP50-95,0.012531147517710261,metrics/mAP50-95,4,2.4654702466467153,2.85725933831671,2.3615130471146624,0.010470350878125225,0.24336099585062237,0.010470350878125225,0.04347101357339218,0.0009335461959983904,0.010470350878125225,0.24336099585062237,0.04347101357339218,0.010470350878125225,0.01656694307102253,0.00967034866679326,0.014376326609484638,0.00933609958506224,0.06473029045643153,0.24336099585062237,0.24336099585062237,100.0,0.07666666666666667,0.2245614035087719,0.28482142857142856,0.2189995367315751,5.567232264748103,27.343313905257215,39.9988768975946,6.319822549819946,158.0,0.009742857142857143,0.009742857142857143,0.009742857142857143
6,130.85630750656128,7.66345407133517,1,1,0.024023640379595482,metrics/mAP50-95,0.024023640379595482,metrics/mAP50-95,6,2.478623338367628,2.832207703072092,2.3526229832483376,0.024023640379595482,0.2825726141078838,0.024023640379595482,0.09328451878702076,0.00229503867881034,0.024023640379595482,0.2825726141078838,0.09328451878702076,0.024023640379595482,0.0051702986648666975,0.026445989451669184,0.026753042571209612,0.01701244813278008,0.09564315352697096,0.2825726141078838,0.2825726141078838,100.0,0.06999999999999999,0.24605263157894738,0.3482142857142857,0.21690205682682084,5.732258663901799,72.95572908618782,84.27029621752003,13.314706802368164,158.0,0.009614285714285714,0.009614285714285714,0.009614285714285714
7,156.61544752120972,7.432510116825933,1,1,0.02653332235271686,metrics/mAP50-95,0.02653332235271686,metrics/mAP50-95,7,2.428399091181548,2.763793890890868,2.2403171503025554,0.02653332235271686,0.32219917012448135,0.02653332235271686,0.09759517597518305,0.004367801163043863,0.02653332235271686,0.32219917012448135,0.09759517597518305,0.02653332235271686,0.009592121497498093,0.04204325716125324,0.023237750012638305,0.025726141078838173,0.12282157676348548,0.32219917012448135,0.32219917012448135,100.0,0.08,0.29824561403508776,0.3790178571428572,0.42459783674795415,7.066486757012862,42.22802119919016,54.31286745433566,8.581433057785034,158.0,0.009485714285714287,0.009485714285714287,0.009485714285714287
8,76.75279259681702,7.456707182137863,1,0,0.01345113824204349,metrics/mAP50-95,0.02653332235271686,metrics/mAP50-95,7,2.3927380701769954,2.7387672403584356,2.325201900109001,0.01345113824204349,0.2556016597510373,0.01345113824204349,0.04905748746615405,0.0023499820397868804,0.01345113824204349,0.2556016597510373,0.04905748746615405,0.01345113824204349,0.0047588461817955055,0.020869851255325072,0.02362455751449859,0.010788381742738589,0.07095435684647303,0.2556016597510373,0.2556016597510373,100.0,0.08666666666666666,0.3157894736842105,0.21696428571428572,0.3455228443387189,7.645196552518048,9.637014775336542,20.552188535279864,3.2472457885742188,158.0,0.009357142857142857,0.009357142857142857,0.009357142857142857
9,60.250651121139526,7.154745423275491,1,1,0.04402944876706104,metrics/mAP50-95,0.04402944876706104,metrics/mAP50-95,9,2.320861903221711,2.638212245443593,2.1956712784974473,0.04402944876706104,0.34647302904564314,0.04402944876706104,0.14993668532770588,0.020036724134842587,0.04402944876706104,0.34647302904564314,0.14993668532770588,0.04402944876706104,0.010136531024044498,0.0485426848229689,0.05467697454251783,0.03091286307053942,0.15331950207468878,0.34647302904564314,0.34647302904564314,100.0,0.13,0.3521929824561404,0.3696428571428571,0.23485588122017775,5.281351789643493,34.982577154908,46.16486271725425,7.294048309326172,158.0,0.009228571428571428,0.009228571428571428,0.009228571428571428
10,124.45208764076233,7.0895771721135015,1,0,0.030503560269086294,metrics/mAP50-95,0.04402944876706104,metrics/mAP50-95,9,2.3209909472776498,2.5995518798413486,2.1690343424029974,0.030503560269086294,0.35290456431535266,0.030503560269086294,0.0968819911912159,0.009014983742027369,0.030503560269086294,0.35290456431535266,0.0968819911912159,0.030503560269086294,0.007453023588922741,0.06574147493570967,0.02218099084046704,0.03195020746887967,0.14398340248962654,0.35290456431535266,0.35290456431535266,100.0,0.16,0.35219298245614034,0.3794642857142857,0.2872838249689416,5.787084374246718,53.59102653551705,64.13168243215053,10.132805824279785,158.0,0.0091,0.0091,0.0091
11,126.22040319442749,7.045473648154217,1,0,0.023807262781441383,metrics/mAP50-95,0.04402944876706104,metrics/mAP50-95,9,2.3263258985851123,2.5757178171821264,2.143429959597795,0.023807262781441383,0.3232365145228216,0.023807262781441383,0.08517168159374887,0.004625934682677802,0.023807262781441383,0.3232365145228216,0.08517168159374887,0.023807262781441383,0.003772410066407519,0.0289208744374217,0.05796481305789605,0.019502074688796677,0.1238589211618257,0.3232365145228216,0.3232365145228216,100.0,0.12999999999999998,0.3245614035087719,0.34776785714285713,0.3945329521275774,6.224737891668006,28.06609039065204,39.94145876244654,6.310750484466553,158.0,0.008971428571428571,0.008971428571428571,0.008971428571428571
12,117.40640377998352,6.982702115307683,1,1,0.05712410349621556,metrics/mAP50-95,0.05712410349621556,metrics/mAP50-95,12,2.2840067822000254,2.582012707772462,2.116682627926702,0.05712410349621556,0.3454356846473029,0.05712410349621556,0.17507552662116055,0.016749224834638952,0.05712410349621556,0.3454356846473029,0.17507552662116055,0.05712410349621556,0.010691169688552028,0.07183228528356451,0.05124803908848214,0.03651452282157676,0.162448132780083,0.3454356846473029,0.3454356846473029,100.0,0.18666666666666665,0.3289473684210526,0.3834821428571428,0.21589104133316234,5.018585844884945,28.449505190306073,56.16108375259592,8.873451232910156,158.0,0.008842857142857144,0.008842857142857144,0.008842857142857144
13,112.49070119857788,6.87627259026403,1,0,0.04051191137143967,metrics/mAP50-95,0.05712410349621556,metrics/mAP50-95,12,2.264352628718252,2.5278155052143596,2.084104466697444,0.04051191137143967,0.32634854771784233,0.04051191137143967,0.1359179916103749,0.011363629957248787,0.04051191137143967,0.32634854771784233,0.1359179916103749,0.04051191137143967,0.013350460568823498,0.04925495669890282,0.039067670810293,0.02842323651452282,0.1421161825726141,0.32634854771784233,0.32634854771784233,100.0,0.16666666666666669,0.33771929824561403,0.33616071428571426,0.20692318300657633,6.627763373942314,24.80193180373952,37.32115709328953,5.896742820739746,158.0,0.008714285714285714,0.008714285714285714,0.008714285714285714
14,157.59163856506348,6.844027596971263,1,0,0.054360317042402954,metrics/mAP50-95,0.05712410349621556,metrics/mAP50-95,12,2.2560259026029836,2.4908436122147934,2.0971580769704734,0.054360317042402954,0.35497925311203316,0.054360317042402954,0.17255185243342064,0.015749890637488755,0.054360317042402954,0.35497925311203316,0.17255185243342064,0.054360317042402954,0.008056976083435927,0.05489520175500342,0.06130854820447884,0.041493775933609964,0.1759336099585062,0.35497925311203316,0.35497925311203316,100.0,0.12999999999999998,0.3416666666666667,0.39866071428571426,0.20872490315497674,5.135548265674446,54.74028255366071,66.08714031267769,10.441768169403076,158.0,0.008585714285714287,0.008585714285714287,0.008585714285714287
15,149.50872921943665,6.891766387483348,1,1,0.060924703854791054,metrics/mAP50-95,0.060924703854791054,metrics/mAP50-95,15,2.2463443966015526,2.5392508714095405,2.106171147978824,0.060924703854791054,0.3736514522821577,0.060924703854791054,0.1762567904768919,0.025602996857203526,0.060924703854791054,0.3736514522821577,0.1762567904768919,0.060924703854791054,0.013662182955503886,0.07312051088242677,0.05899130981927772,0.038174273858921165,0.17157676348547718,0.3736514522821577,0.3736514522821577,100.0,0.13999999999999999,0.37105263157894736,0.40758928571428565,0.27421456349046924,7.265278055698056,38.432184653946116,49.09818081916133,7.75751256942749,158.0,0.008457142857142858,0.008457142857142858,0.008457142857142858
16,71.32145547866821,6.80168686742368,1,0,0.0481807997145814,metrics/mAP50-95,0.060924703854791054,metrics/mAP50-95,15,2.2291681986788046,2.479652894579846,2.0928657314051753,0.0481807997145814,0.3645228215767634,0.0481807997145814,0.15858671104941988,0.010150635982994125,0.0481807997145814,0.3645228215767634,0.15858671104941988,0.0481807997145814,0.009819552812097657,0.0568782697225202,0.0467076795665741,0.03609958506224066,0.1788381742738589,0.3645228215767634,0.3645228215767634,100.0,0.14333333333333337,0.36973684210526314,0.3888392857142857,0.20186961451663246,4.986408390576327,24.904472918450075,36.010114452506926,5.689598083496094,158.0,0.008328571428571428,0.008328571428571428,0.008328571428571428
17,48.15342473983765,6.742539271064427,1,0,0.054805654019878636,metrics/mAP50-95,0.060924703854791054,metrics/mAP50-95,15,2.23552073603091,2.4476946462755618,2.059323842110841,0.054805654019878636,0.3680497925311203,0.054805654019878636,0.17047675711801724,0.016925160416607354,0.054805654019878636,0.3680497925311203,0.17047675711801724,0.054805654019878636,0.015605472703136114,0.06562656027391889,0.051772268771395076,0.03941908713692945,0.16390041493775934,0.3680497925311203,0.3680497925311203,100.0,0.13333333333333333,0.34298245614035083,0.425,0.22575523279890228,5.700490142725691,10.658478435081772,20.694206032571913,3.2696845531463623,158.0,0.0082,0.0082,0.0082
18,50.14570593833923,6.70475405195485,1,1,0.06394122695262355,metrics/mAP50-95,0.06394122695262355,metrics/mAP50-95,18,2.2090742536213086,2.4558385869731074,2.0398411919241366,0.06394122695262355,0.36369294605809127,0.06394122695262355,0.20072759410336172,0.020329566957628137,0.06394122695262355,0.36369294605809127,0.20072759410336172,0.06394122695262355,0.00730817614059116,0.07288417802569201,0.06572089764497535,0.053319502074688795,0.1883817427385892,0.36369294605809127,0.36369294605809127,100.0,0.12666666666666665,0.36754385964912284,0.39151785714285714,0.28525424908988084,6.066361560097224,10.492475726936437,21.34029322032687,3.3717663288116455,158.0,0.008071428571428571,0.008071428571428571,0.008071428571428571
19,48.07792067527771,6.6430875581243765,1,0,0.05230178174255,metrics/mAP50-95,0.06394122695262355,metrics/mAP50-95,18,2.22021175597025,2.4303079351134924,1.9925678605618684,0.05230178174255,0.3663900414937759,0.05230178174255,0.18429958099856622,0.00897403719650103,0.05230178174255,0.3663900414937759,0.18429958099856622,0.05230178174255,0.008078259291001073,0.05942408104336559,0.059358966827586075,0.05228215767634854,0.16950207468879666,0.3663900414937759,0.3663900414937759,100.0,0.17666666666666667,0.38991228070175443,0.3678571428571428,0.20366982568668413,4.909094375900075,11.761448051356062,22.803249238412594,3.6029133796691895,158.0,0.007942857142857142,0.007942857142857142,0.007942857142857142
20,51.92329382896423,6.66842246055603,1,1,0.07313543963540765,metrics/mAP50-95,0.07313543963540765,metrics/mAP50-95,20,2.1948497697063116,2.434179363043412,2.0393933511298634,0.07313543963540765,0.39087136929460586,0.07313543963540765,0.21889408609800412,0.028160803328450074,0.07313543963540765,0.39087136929460586,0.21889408609800412,0.07313543963540765,0.017771103693778004,0.07592857804057783,0.08125955477609897,0.045850622406639,0.1896265560165975,0.39087136929460586,0.39087136929460586,100.0,0.16,0.387719298245614,0.425,0.21944015840940836,6.261833106415181,10.658055921144124,21.540572371663927,3.4034104347229004,158.0,0.007814285714285715,0.007814285714285715,0.007814285714285715
21,49.669830083847046,6.6357813866242115,1,1,0.07685744716405032,metrics/mAP50-95,0.07685744716405032,metrics/mAP50-95,21,2.1823664294636766,2.4277408278506734,2.025674108577811,0.07685744716405032,0.4,0.07685744716405032,0.22499845761879964,0.029451446433587485,0.07685744716405032,0.4,0.22499845761879964,0.07685744716405032,0.014647745167880429,0.08601731469742667,0.08518877657797033,0.05892116182572614,0.21327800829875518,0.4,0.4,100.0,0.15333333333333332,0.37719298245614036,0.45624999999999993,0.21519238435769383,5.573920056789737,10.327562501158896,22.09481106528753,3.4909801483154297,158.0,0.007685714285714285,0.007685714285714285,0.007685714285714285
22,53.103601932525635,6.617949045222739,1,0,0.061809808417784724,metrics/mAP50-95,0.07685744716405032,metrics/mAP50-95,21,2.18854625587878,2.4363195662913113,1.9930832567422285,0.061809808417784724,0.3786307053941909,0.061809808417784724,0.2025590180682911,0.018312985651570156,0.061809808417784724,0.3786307053941909,0.2025590180682911,0.061809808417784724,0.011882862064781022,0.0669713781956302,0.07415934144258374,0.043153526970954356,0.187551867219917,0.3786307053941909,0.3786307053941909,100.0,0.21666666666666665,0.3684210526315789,0.41071428571428575,0.2496423600595209,5.970410153835635,15.795175033279614,25.124371806277505,3.9696507453918457,158.0,0.007557142857142858,0.007557142857142858,0.007557142857142858
23,52.26357841491699,6.567542858745741,1,0,0.06487377936624651,metrics/mAP50-95,0.07685744716405032,metrics/mAP50-95,21,2.1685790160427922,2.4115284020486087,1.9874354691609093,0.06487377936624651,0.3804979253112033,0.06487377936624651,0.21002663119070697,0.02452162517062163,0.06487377936624651,0.3804979253112033,0.21002663119070697,0.06487377936624651,0.014524667794428152,0.08001016140545184,0.062575893672131,0.046680497925311204,0.2053941908713693,0.3804979253112033,0.3804979253112033,100.0,0.18,0.39210526315789473,0.39553571428571427,0.20384788513183594,5.044294309012497,24.03204048736186,36.51759896097304,5.76978063583374,158.0,0.0074285714285714285,0.0074285714285714285,0.0074285714285714285
24,52.419137954711914,6.552683213482732,1,0,0.061892374153450044,metrics/mAP50-95,0.07685744716405032,metrics/mAP50-95,21,2.178498808456504,2.3943425442861472,1.9798418581485748,0.061892374153450044,0.3854771784232365,0.061892374153450044,0.20866264679721225,0.019385051075213374,0.061892374153450044,0.3854771784232365,0.20866264679721225,0.061892374153450044,0.017694753736250124,0.07739905824165787,0.06638741078071436,0.04398340248962655,0.20850622406639002,0.3854771784232365,0.3854771784232365,100.0,0.15333333333333335,0.38201754385964914,0.4200892857142858,0.20752677434607397,5.088810679278796,10.953728156753733,21.129401424263097,3.3384454250335693,158.0,0.0073,0.0073,0.0073
25,50.46107268333435,6.549515019292417,1,1,0.0874289320832836,metrics/mAP50-95,0.0874289320832836,metrics/mAP50-95,25,2.184235901936241,2.370846471060877,1.9944326411122861,0.0874289320832836,0.4037344398340249,0.0874289320832836,0.26115697771320096,0.03794018405335083,0.0874289320832836,0.4037344398340249,0.26115697771320096,0.0874289320832836,0.01498350465705909,0.09029641645245803,0.0960065299801137,0.053112033195020746,0.21203319502074688,0.4037344398340249,0.4037344398340249,100.0,0.2166666666666667,0.3986842105263158,0.43392857142857144,0.3013414672658413,5.166830895822259,18.654945530468904,28.40266952031775,4.487621784210205,158.0,0.007171428571428572,0.007171428571428572,0.007171428571428572
26,52.76374363899231,6.51193106174469,1,0,0.06155782938846738,metrics/mAP50-95,0.0874289320832836,metrics/mAP50-95,25,2.177973219881887,2.356562378613845,1.9773954619532046,0.06155782938846738,0.38526970954356843,0.06155782938846738,0.1996970124123516,0.020058932935355947,0.06155782938846738,0.38526970954356843,0.1996970124123516,0.06155782938846738,0.012122996346401965,0.06317726859360197,0.08053162025611135,0.05497925311203319,0.20311203319502075,0.38526970954356843,0.38526970954356843,100.0,0.16333333333333333,0.387719298245614,0.4125,0.28578239151194124,6.098504307903821,10.439896885352798,21.833395656151108,3.449676513671875,158.0,0.007042857142857142,0.007042857142857142,0.007042857142857142
27,54.87480878829956,6.527788861938145,1,1,0.0905517619673773,metrics/mAP50-95,0.0905517619673773,metrics/mAP50-95,27,2.1721344875252764,2.3589071061300193,1.9967472384805265,0.0905517619673773,0.39668049792531124,0.0905517619673773,0.27001388603492554,0.037247531887091796,0.0905517619673773,0.39668049792531124,0.27001388603492554,0.0905517619673773,0.02181692506754532,0.09862333089486765,0.0932601731369986,0.06182572614107884,0.2211618257261411,0.39668049792531124,0.39668049792531124,100.0,0.2033333333333333,0.3960526315789474,0.42321428571428577,0.26811225504814823,5.095475836645199,26.915162424497968,36.84513327441638,5.821531057357788,158.0,0.006914285714285715,0.006914285714285715,0.006914285714285715
28,49.64830136299133,6.415569657864778,1,0,0.08329949672836898,metrics/mAP50-95,0.0905517619673773,metrics/mAP50-95,27,2.147920327342075,2.3121359244636865,1.9555134552976359,0.08329949672836898,0.39502074688796684,0.08329949672836898,0.23214304091234453,0.03673092890739224,0.08329949672836898,0.39502074688796684,0.23214304091234453,0.08329949672836898,0.06290723703166419,0.08746787491916923,0.09938603895754686,0.06286307053941909,0.20850622406639005,0.39502074688796684,0.39502074688796684,100.0,0.16999999999999998,0.36578947368421055,0.45491071428571433,0.26175040232984326,4.997236819206914,11.774677264539502,21.40489711037165,3.3819737434387207,158.0,0.0067857142857142855,0.0067857142857142855,0.0067857142857142855
29,53.57308554649353,6.442083975543147,1,0,0.07804015041642816,metrics/mAP50-95,0.0905517619673773,metrics/mAP50-95,27,2.1399635646654214,2.347687068192855,1.954433306403782,0.07804015041642816,0.39460580912863075,0.07804015041642816,0.24628979785192054,0.021563704231817787,0.07804015041642816,0.39460580912863075,0.24628979785192054,0.07804015041642816,0.04860225670267731,0.08689090509230088,0.08286467231929706,0.053526970954356844,0.21535269709543567,0.39460580912863075,0.39460580912863075,100.0,0.2,0.381578947368421,0.43392857142857144,0.20811980283713039,6.20547427406794,14.415762092493758,26.445898828627186,4.178452014923096,158.0,0.006657142857142857,0.006657142857142857,0.006657142857142857
30,50.23651456832886,6.431404818659243,1,0,0.08255648061410643,metrics/mAP50-95,0.0905517619673773,metrics/mAP50-95,27,2.1487651843091715,2.2999219687088677,1.9827176254728567,0.08255648061410643,0.395643153526971,0.08255648061410643,0.23688982814545653,0.029048168484449296,0.08255648061410643,0.395643153526971,0.23688982814545653,0.08255648061410643,0.04011909358550519,0.08302487579806567,0.1010578178941074,0.05746887966804979,0.20435684647302904,0.395643153526971,0.395643153526971,100.0,0.19666666666666666,0.37324561403508766,0.44508928571428574,0.21249734902683692,5.541513237772109,10.861132718339752,21.409013603307024,3.3826241493225098,158.0,0.006528571428571429,0.006528571428571429,0.006528571428571429
31,52.719707012176514,6.432128377582716,1,0,0.07310150173897427,metrics/mAP50-95,0.0905517619673773,metrics/mAP50-95,27,2.1542362130206563,2.3073298062967216,1.9705623802931413,0.07310150173897427,0.37904564315352696,0.07310150173897427,0.22459239093965166,0.01821987911890801,0.07310150173897427,0.37904564315352696,0.22459239093965166,0.07310150173897427,0.02711687991121714,0.07914446683359325,0.08313909619284435,0.05373443983402489,0.1995850622406639,0.37904564315352696,0.37904564315352696,100.0,0.24333333333333335,0.3899122807017544,0.38616071428571425,0.2898234355298779,6.80765471880949,12.272614466993115,39.77508333664906,6.284463167190552,158.0,0.0063999999999999994,0.0063999999999999994,0.0063999999999999994
32,52.641276359558105,6.413582428641941,1,0,0.06887670649054853,metrics/mAP50-95,0.0905517619673773,metrics/mAP50-95,27,2.145042913115543,2.3003203208031864,1.9682191739911619,0.06887670649054853,0.3894190871369295,0.06887670649054853,0.22102114045490562,0.022113194984317137,0.06887670649054853,0.3894190871369295,0.22102114045490562,0.06887670649054853,0.02738901037350669,0.0681013475828322,0.08191485677720112,0.053112033195020746,0.20020746887966806,0.3894190871369295,0.3894190871369295,100.0,0.19666666666666663,0.3899122807017544,0.4147321428571429,0.21248225924334949,5.384277693832977,28.672918488707722,38.87430022034464,6.142139434814453,158.0,0.006271428571428571,0.006271428571428571,0.006271428571428571
33,53.633893966674805,6.396040802416594,1,0,0.08734531458384949,metrics/mAP50-95,0.0905517619673773,metrics/mAP50-95,27,2.129513759975848,2.318439297054125,1.9480877544568933,0.08734531458384949,0.40394190871369295,0.08734531458384949,0.2663503154935119,0.034862512260575816,0.08734531458384949,0.40394190871369295,0.2663503154935119,0.08734531458384949,0.020466419135743666,0.08776373049939133,0.10069701926119276,0.060995850622406644,0.22551867219917013,0.40394190871369295,0.40394190871369295,100.0,0.22666666666666666,0.3995614035087719,0.4321428571428571,0.26398218130763573,6.213319452503059,15.643727930286264,25.94510965709445,4.099327325820923,158.0,0.006142857142857143,0.006142857142857143,0.006142857142857143
34,50.12612581253052,6.357267986173215,1,1,0.09575062239919195,metrics/mAP50-95,0.09575062239919195,metrics/mAP50-95,34,2.139367465091788,2.293419572322265,1.924480913773827,0.09575062239919195,0.4016597510373444,0.09575062239919195,0.2793104973480257,0.04030546753714046,0.09575062239919195,0.4016597510373444,0.2793104973480257,0.09575062239919195,0.018266835475974526,0.10021701597219447,0.10481587137699462,0.06286307053941909,0.2215767634854772,0.4016597510373444,0.4016597510373444,100.0,0.17333333333333334,0.3780701754385965,0.45625,0.3263241128076481,6.744176526612874,11.091334910332403,22.768342042271094,3.597398042678833,158.0,0.006014285714285714,0.006014285714285714,0.006014285714285714
35,52.88362264633179,6.26036884992019,1,0,0.09075215767677171,metrics/mAP50-95,0.09575062239919195,metrics/mAP50-95,34,2.103850859662761,2.24473851012147,1.911779478840206,0.09075215767677171,0.4070539419087137,0.09075215767677171,0.26733086164956193,0.03769146881278007,0.09075215767677171,0.4070539419087137,0.26733086164956193,0.09075215767677171,0.027375628491559122,0.10016068237828497,0.09215473555669537,0.05788381742738589,0.22240663900414934,0.4070539419087137,0.4070539419087137,100.0,0.22000000000000003,0.4100877192982456,0.4290178571428571,0.21938130825380733,5.988807617863523,11.612499816508233,22.83063266850725,3.6072399616241455,158.0,0.005885714285714285,0.005885714285714285,0.005885714285714285
36,50.195648193359375,6.316474354785422,1,0,0.0793974921490224,metrics/mAP50-95,0.09575062239919195,metrics/mAP50-95,34,2.131881489701893,2.2797179999558823,1.9048748651276464,0.0793974921490224,0.3977178423236515,0.0793974921490224,0.23832007017525056,0.029888079460150666,0.0793974921490224,0.3977178423236515,0.23832007017525056,0.0793974921490224,0.01661913626492415,0.07837742873768583,0.10314344592019399,0.05726141078838175,0.2049792531120332,0.3977178423236515,0.3977178423236515,100.0,0.18333333333333332,0.40087719298245617,0.42321428571428565,0.21060358119916311,5.500286440306072,14.586078969738152,24.936580959754654,3.9399797916412354,158.0,0.005757142857142857,0.005757142857142857,0.005757142857142857
37,54.146918058395386,6.287343097769695,1,0,0.0872377162194364,metrics/mAP50-95,0.09575062239919195,metrics/mAP50-95,34,2.098401216061219,2.285897686429646,1.903044212123622,0.0872377162194364,0.40145228215767637,0.0872377162194364,0.27016554444032104,0.033856910075985194,0.0872377162194364,0.40145228215767637,0.27016554444032104,0.0872377162194364,0.029746707615590274,0.08944370346508906,0.09956902422314141,0.05684647302904564,0.2211618257261411,0.40145228215767637,0.40145228215767637,100.0,0.16,0.40131578947368424,0.43392857142857144,0.25342235082312475,6.912146942524971,23.489576351793506,33.71269642552243,5.326606035232544,158.0,0.005628571428571429,0.005628571428571429,0.005628571428571429
38,49.95449733734131,6.271673710449882,1,1,0.09633204046288812,metrics/mAP50-95,0.09633204046288812,metrics/mAP50-95,38,2.1123180285744043,2.2597937739413716,1.8995618703572645,0.09633204046288812,0.40809128630705394,0.09633204046288812,0.27376508929846854,0.04287449415557285,0.09633204046288812,0.40809128630705394,0.27376508929846854,0.09633204046288812,0.024330840138550754,0.09731236266054845,0.11406694840081513,0.06597510373443984,0.2363070539419087,0.40809128630705394,0.40809128630705394,100.0,0.1933333333333333,0.4026315789473685,0.4424107142857142,0.2657416500622713,5.4475868804545335,10.404837282398079,21.809173535697067,3.4458494186401367,158.0,0.0055,0.0055,0.0055
39,51.89238882064819,6.299619467362113,1,1,0.09839352534574332,metrics/mAP50-95,0.09839352534574332,metrics/mAP50-95,39,2.10922166057255,2.2645688704822375,1.925828940194586,0.09839352534574332,0.4147302904564315,0.09839352534574332,0.2821418923764166,0.03450354172550152,0.09839352534574332,0.4147302904564315,0.2821418923764166,0.09839352534574332,0.02656949053066678,0.10430594798700066,0.10693306633887972,0.06390041493775933,0.24190871369294603,0.4147302904564315,0.4147302904564315,100.0,0.17333333333333334,0.40701754385964917,0.4549107142857142,0.334679325924644,6.635433510888981,10.670425016668778,20.81121070475518,3.2881712913513184,158.0,0.005371428571428571,0.005371428571428571,0.005371428571428571
40,50.11988043785095,6.225674240485482,1,0,0.08401692267508802,metrics/mAP50-95,0.09839352534574332,metrics/mAP50-95,39,2.1197701886944147,2.2172659726246544,1.8886380895324375,0.08401692267508802,0.4159751037344398,0.08401692267508802,0.2611745873159628,0.029583644687732998,0.08401692267508802,0.4159751037344398,0.2611745873159628,0.08401692267508802,0.0291042617500355,0.07134323144849171,0.1081414803440976,0.05933609958506224,0.23236514522821575,0.4159751037344398,0.4159751037344398,100.0,0.23666666666666664,0.4026315789473685,0.45357142857142857,0.28051907503152196,5.504152442835554,11.254060117504265,22.713090800031832,3.5886683464050293,158.0,0.005242857142857143,0.005242857142857143,0.005242857142857143
41,53.30827069282532,6.222397311874058,1,0,0.09552209488726104,metrics/mAP50-95,0.09839352534574332,metrics/mAP50-95,39,2.0983397740384806,2.2291147384954537,1.8949427591717762,0.09552209488726104,0.4147302904564315,0.09552209488726104,0.29199954082466295,0.031663221185746465,0.09552209488726104,0.4147302904564315,0.29199954082466295,0.09552209488726104,0.028124894036091426,0.09552108642616043,0.10904224768729534,0.06410788381742738,0.23195020746887965,0.4147302904564315,0.4147302904564315,100.0,0.25,0.40307017543859647,0.4486607142857143,0.33856645415100867,6.073968319953242,10.44238368167153,21.380329433875747,3.378092050552368,158.0,0.0051142857142857144,0.0051142857142857144,0.0051142857142857144
42,49.92867946624756,6.275594301845716,1,1,0.10247629599982243,metrics/mAP50-95,0.10247629599982243,metrics/mAP50-95,42,2.1122253576050634,2.2509636645731717,1.9124052459778993,0.10247629599982243,0.42033195020746883,0.10247629599982243,0.28040189243972913,0.05447769859933854,0.10247629599982243,0.42033195020746883,0.28040189243972913,0.10247629599982243,0.035829260444387466,0.10175949958558027,0.12160670347663918,0.07634854771784233,0.23692946058091285,0.42033195020746883,0.42033195020746883,100.0,0.16333333333333333,0.39561403508771936,0.4799107142857143,0.20430661454985413,5.580840231497077,10.703732695760605,21.61399171322207,3.415010690689087,158.0,0.004985714285714286,0.004985714285714286,0.004985714285714286
43,55.07503533363342,6.264898870302283,1,0,0.06872961038322706,metrics/mAP50-95,0.10247629599982243,metrics/mAP50-95,42,2.11118873435518,2.2526545407979386,1.9010556106982024,0.06872961038322706,0.3848547717842324,0.06872961038322706,0.21953086907565994,0.027954208500608865,0.06872961038322706,0.3848547717842324,0.21953086907565994,0.06872961038322706,0.05041293782603651,0.07383590278562013,0.0843126153290571,0.05269709543568464,0.2112033195020747,0.3848547717842324,0.3848547717842324,100.0,0.22666666666666666,0.3929824561403509,0.3977678571428572,0.27683716786058643,5.624528172649915,22.25309836713574,34.078623675092864,5.384422540664673,158.0,0.004857142857142858,0.004857142857142858,0.004857142857142858
44,50.261642932891846,6.211177660071331,1,0,0.08459391523565359,metrics/mAP50-95,0.10247629599982243,metrics/mAP50-95,42,2.0861807737661446,2.233646405779797,1.8913504934829215,0.08459391523565359,0.3960580912863071,0.08459391523565359,0.2512815499269712,0.038736418256433945,0.08459391523565359,0.3960580912863071,0.2512815499269712,0.08459391523565359,0.030638965102295447,0.0707759157972725,0.11584657169354291,0.06639004149377593,0.22136929460580915,0.3960580912863071,0.3960580912863071,100.0,0.18333333333333335,0.3714912280701754,0.44955357142857144,0.2738659894919093,6.335456160050404,11.293020429490488,22.75057684017133,3.5945911407470703,158.0,0.004728571428571429,0.004728571428571429,0.004728571428571429
45,49.7383234500885,6.097382970478224,1,0,0.09853397091406885,metrics/mAP50-95,0.10247629599982243,metrics/mAP50-95,42,2.064212748537893,2.163525379222372,1.8696448245774144,0.09853397091406885,0.41120331950207467,0.09853397091406885,0.2863109929566036,0.035259080883027656,0.09853397091406885,0.41120331950207467,0.2863109929566036,0.09853397091406885,0.0284955851948768,0.08874830542409452,0.12367665201749799,0.06825726141078838,0.254149377593361,0.41120331950207467,0.41120331950207467,100.0,0.22000000000000003,0.3916666666666667,0.45669642857142856,0.20863587343240086,4.85736508912678,10.45018057279949,20.61669132377528,3.257437229156494,158.0,0.0046,0.0046,0.0046
46,52.93196702003479,6.093317586442699,1,0,0.08896710545875487,metrics/mAP50-95,0.10247629599982243,metrics/mAP50-95,42,2.049188687749531,2.1826651109301527,1.8614638007205466,0.08896710545875487,0.42800829875518664,0.08896710545875487,0.26710663491581743,0.03366345269341824,0.08896710545875487,0.42800829875518664,0.26710663491581743,0.08896710545875487,0.028182415946246223,0.08394909082610154,0.10582746665372694,0.06348547717842323,0.24170124481327798,0.42800829875518664,0.42800829875518664,100.0,0.2033333333333333,0.4100877192982456,0.47633928571428574,0.27980683725091476,5.507609512232527,11.094776889945887,21.705514268030093,3.429471254348755,158.0,0.0044714285714285715,0.0044714285714285715,0.0044714285714285715
47,96.4082465171814,6.135000280711962,1,0,0.09030989083684002,metrics/mAP50-95,0.10247629599982243,metrics/mAP50-95,42,2.0579779057399086,2.2033630130083663,1.8736593606679335,0.09030989083684002,0.4139004149377593,0.09030989083684002,0.2645664128578953,0.04233325518218434,0.09030989083684002,0.4139004149377593,0.2645664128578953,0.09030989083684002,0.027060051067672057,0.09407940197994395,0.10193664509134831,0.06327800829875518,0.24211618257261414,0.4139004149377593,0.4139004149377593,100.0,0.18666666666666668,0.3960526315789473,0.4624999999999999,0.2969277055957649,5.088533027262627,59.67813503893116,71.10653949689262,11.234833240509033,158.0,0.004342857142857143,0.004342857142857143,0.004342857142857143
48,117.97023963928223,6.187538644541865,1,0,0.07634552449497782,metrics/mAP50-95,0.10247629599982243,metrics/mAP50-95,42,2.0985866720261783,2.1836512011030447,1.905300806397977,0.07634552449497782,0.41286307053941906,0.07634552449497782,0.2276398651030608,0.028197018839498846,0.07634552449497782,0.41286307053941906,0.2276398651030608,0.07634552449497782,0.024652838599921775,0.08191275206832295,0.08735364406731219,0.05228215767634855,0.2176348547717842,0.41286307053941906,0.41286307053941906,100.0,0.25,0.39342105263157895,0.45446428571428565,0.2989482276047332,6.056391740147071,27.58037138588821,38.06855708737917,6.014832019805908,158.0,0.004214285714285715,0.004214285714285715,0.004214285714285715
49,113.36292004585266,6.1127465911533525,1,0,0.10177344167918738,metrics/mAP50-95,0.10247629599982243,metrics/mAP50-95,42,2.0544763971929965,2.1854420420916183,1.8728281635305155,0.10177344167918738,0.429253112033195,0.10177344167918738,0.2995297717859541,0.035544188522533084,0.10177344167918738,0.429253112033195,0.2995297717859541,0.10177344167918738,0.03710544386120875,0.09780558457727463,0.12063539433894012,0.07365145228215768,0.24336099585062243,0.429253112033195,0.429253112033195,100.0,0.24333333333333335,0.40745614035087724,0.4763392857142857,0.2478285680843305,6.143016151235074,25.637741330303722,36.78470170950588,5.811982870101929,158.0,0.004085714285714285,0.004085714285714285,0.004085714285714285
50,149.65148854255676,6.080167360927748,1,0,0.08973286597961931,metrics/mAP50-95,0.10247629599982243,metrics/mAP50-95,42,2.049247275228086,2.169352642867876,1.8615674506063047,0.08973286597961931,0.416804979253112,0.08973286597961931,0.27577836400546857,0.03262871928862825,0.08973286597961931,0.416804979253112,0.27577836400546857,0.08973286597961931,0.04105159612338133,0.08380494140422626,0.10901084268845937,0.05933609958506224,0.23775933609958505,0.416804979253112,0.416804979253112,100.0,0.24666666666666667,0.41228070175438597,0.44419642857142855,0.24127507511573504,6.217282029646862,39.1681631909141,51.55440070961095,8.14559531211853,158.0,0.003957142857142857,0.003957142857142857,0.003957142857142857
51,117.74766397476196,6.067665571751802,1,0,0.10123384297314653,metrics/mAP50-95,0.10247629599982243,metrics/mAP50-95,42,2.0457698871260104,2.165975509778313,1.85592018780501,0.10123384297314653,0.4304979253112033,0.10123384297314653,0.29143438816588835,0.04393159096093242,0.10123384297314653,0.4304979253112033,0.29143438816588835,0.10123384297314653,0.02627856234929156,0.09763302327633805,0.12492997362107895,0.06784232365145229,0.24087136929460584,0.4304979253112033,0.4304979253112033,100.0,0.26999999999999996,0.4026315789473684,0.48035714285714287,0.25090084800237344,6.891864764539501,41.92134700243986,53.63939532750769,8.475024461746216,158.0,0.0038285714285714286,0.0038285714285714286,0.0038285714285714286
52,135.40815711021423,6.061505214027736,1,0,0.09932519685308165,metrics/mAP50-95,0.10247629599982243,metrics/mAP50-95,42,2.022088488806849,2.166394820679789,1.873021916202877,0.09932519685308165,0.42406639004149377,0.09932519685308165,0.2898569467488223,0.039467047814242186,0.09932519685308165,0.42406639004149377,0.2898569467488223,0.09932519685308165,0.03899879502009864,0.09425209302987995,0.11768489971731613,0.06742738589211619,0.24481327800829872,0.42406639004149377,0.42406639004149377,100.0,0.19666666666666668,0.405701754385965,0.4732142857142857,0.21023388150372083,5.606870108012912,42.003931878488274,53.75667916068548,8.493555307388306,158.0,0.0037,0.0037,0.0037
53,147.23596143722534,6.076465922853221,1,0,0.09501961246135036,metrics/mAP50-95,0.10247629599982243,metrics/mAP50-95,42,2.03650280703669,2.173652744811514,1.8663103476814602,0.09501961246135036,0.4176348547717842,0.09501961246135036,0.2877631571795178,0.030286345620089427,0.09501961246135036,0.4176348547717842,0.2877631571795178,0.09501961246135036,0.03892781115752994,0.09822791098003222,0.11048455563683286,0.06763485477178424,0.24564315352697091,0.4176348547717842,0.4176348547717842,100.0,0.22333333333333333,0.4144736842105264,0.446875,0.2114244654208799,5.174581008621409,38.11659390413308,50.13992363893533,7.922107934951782,158.0,0.003571428571428571,0.003571428571428571,0.003571428571428571
54,110.84202146530151,6.02073421685592,1,0,0.08487086582746725,metrics/mAP50-95,0.10247629599982243,metrics/mAP50-95,42,2.021212240924006,2.147430357725724,1.8520915974741397,0.08487086582746725,0.41493775933609955,0.08487086582746725,0.25954547094535835,0.03172962759889897,0.08487086582746725,0.41493775933609955,0.25954547094535835,0.08487086582746725,0.023126002329229307,0.07780765956299547,0.10855329240221256,0.06576763485477179,0.22738589211618257,0.41493775933609955,0.41493775933609955,100.0,0.2033333333333333,0.40657894736842104,0.45178571428571435,0.2060449576076073,5.2605565590194505,25.85405790353123,36.52326215671588,5.770675420761108,158.0,0.0034428571428571425,0.0034428571428571425,0.0034428571428571425
55,123.06097269058228,6.114392446435017,1,0,0.09367127168214337,metrics/mAP50-95,0.10247629599982243,metrics/mAP50-95,42,2.0425334611664647,2.191757725632709,1.8801012674103612,0.09367127168214337,0.43921161825726146,0.09367127168214337,0.2771730094476775,0.034302906554518835,0.09367127168214337,0.43921161825726146,0.2771730094476775,0.09367127168214337,0.026511406329720242,0.08064897762021575,0.12305666840565209,0.06473029045643153,0.2367219917012448,0.43921161825726146,0.43921161825726146,100.0,0.23333333333333334,0.4083333333333333,0.4982142857142858,0.21148784251152716,5.094052870062333,54.73571487619907,64.96213961251173,10.264018058776855,158.0,0.003314285714285714,0.003314285714285714,0.003314285714285714
56,152.63101482391357,6.0189429158749785,1,0,0.09353545248593234,metrics/mAP50-95,0.10247629599982243,metrics/mAP50-95,42,2.0131519968095035,2.15849878217863,1.8472921135632887,0.09353545248593234,0.43070539419087145,0.09353545248593234,0.2702844867042313,0.03757546213723283,0.09353545248593234,0.43070539419087145,0.2702844867042313,0.09353545248593234,0.03495960617364411,0.08803604936517402,0.11334969649992144,0.059751037344398336,0.2383817427385892,0.43070539419087145,0.43070539419087145,100.0,0.22999999999999998,0.42105263157894746,0.46741071428571423,0.1978300794770446,4.816169980206067,37.71460961691941,48.35856413539452,7.640653133392334,158.0,0.0031857142857142856,0.0031857142857142856,0.0031857142857142856
57,152.49611282348633,6.0172627697820245,1,1,0.10302326234525341,metrics/mAP50-95,0.10302326234525341,metrics/mAP50-95,57,2.0022978743781215,2.160141675368599,1.8548232213310574,0.10302326234525341,0.4338174273858922,0.10302326234525341,0.29622654962059547,0.04392177778692145,0.10302326234525341,0.4338174273858922,0.29622654962059547,0.10302326234525341,0.032582740694442884,0.1037444936115496,0.11768521813070205,0.06639004149377593,0.2483402489626556,0.4338174273858922,0.4338174273858922,100.0,0.24333333333333335,0.41228070175438597,0.48125,0.20641918423809583,5.880438828770118,46.04858084570004,58.53328523756583,9.2482590675354,158.0,0.0030571428571428564,0.0030571428571428564,0.0030571428571428564
58,149.23275470733643,6.078664779663086,1,1,0.10372155779077291,metrics/mAP50-95,0.10372155779077291,metrics/mAP50-95,58,2.013235987528511,2.1792767099712207,1.8861521041911582,0.10372155779077291,0.43153526970954353,0.10372155779077291,0.30943923981442634,0.04043612906743901,0.10372155779077291,0.43153526970954353,0.30943923981442634,0.10372155779077291,0.04430767784755669,0.09859980724036896,0.12474443086424172,0.07033195020746888,0.24626556016597506,0.43153526970954353,0.43153526970954353,100.0,0.24333333333333332,0.41140350877192977,0.4772321428571429,0.24235399463508703,5.822987496098386,26.409425312959698,37.535904329034345,5.930672883987427,158.0,0.002928571428571428,0.002928571428571428,0.002928571428571428
59,48.91561770439148,5.9733483169389805,1,1,0.10781194850743928,metrics/mAP50-95,0.10781194850743928,metrics/mAP50-95,59,2.006437148736871,2.1222793304401897,1.844631842944933,0.10781194850743928,0.4304979253112033,0.10781194850743928,0.31394322071379366,0.04459628445107593,0.10781194850743928,0.4304979253112033,0.31394322071379366,0.10781194850743928,0.025248776747958158,0.10112985839599888,0.13169465305303996,0.07033195020746888,0.24605809128630707,0.4304979253112033,0.4304979253112033,100.0,0.25666666666666665,0.4140350877192982,0.4705357142857142,0.20950202700457995,7.069880449319188,9.538573554799527,21.549448182311238,3.404812812805176,158.0,0.0027999999999999995,0.0027999999999999995,0.0027999999999999995
60,51.73081040382385,5.984917226045028,1,0,0.10635947072264362,metrics/mAP50-95,0.10781194850743928,metrics/mAP50-95,59,1.9800127861292467,2.1447761952877045,1.8601282679516336,0.10635947072264362,0.42572614107883816,0.10635947072264362,0.30070638527281773,0.05316494775242926,0.10635947072264362,0.42572614107883816,0.30070638527281773,0.10635947072264362,0.02132994012701462,0.11033350183893681,0.12124813554367544,0.07323651452282157,0.24502074688796677,0.42572614107883816,0.42572614107883816,100.0,0.18666666666666668,0.4035087719298246,0.48035714285714287,0.24845026716401308,5.902583086037938,10.01947288271747,21.375635002232805,3.377350330352783,158.0,0.002671428571428571,0.002671428571428571,0.002671428571428571
61,48.99631667137146,5.892915590949681,1,1,0.10952841326620916,metrics/mAP50-95,0.10952841326620916,metrics/mAP50-95,61,2.00476067221683,2.0765982555306475,1.8115566606106965,0.10952841326620916,0.4325726141078839,0.10952841326620916,0.2998576627955281,0.045127134042415834,0.10952841326620916,0.4325726141078839,0.2998576627955281,0.10952841326620916,0.04251854948008607,0.11041020497050087,0.125330715448077,0.06887966804979254,0.25622406639004147,0.4325726141078839,0.4325726141078839,100.0,0.23666666666666666,0.40438596491228074,0.4875,0.21044664745089375,5.67761553993708,9.244677386706389,20.319594612604458,3.210495948791504,158.0,0.002542857142857142,0.002542857142857142,0.002542857142857142
62,51.8099570274353,5.883322415144547,1,0,0.10632319938725007,metrics/mAP50-95,0.10952841326620916,metrics/mAP50-95,61,1.9746347043825232,2.0934346603310625,1.815253067275752,0.10632319938725007,0.43319502074688804,0.10632319938725007,0.2981763435341091,0.05044933498663041,0.10632319938725007,0.43319502074688804,0.2981763435341091,0.10632319938725007,0.024957477090170887,0.10399656858898235,0.12878731417226583,0.06410788381742738,0.24232365145228213,0.43319502074688804,0.43319502074688804,100.0,0.21333333333333332,0.41535087719298247,0.48080357142857144,0.2520778511143938,5.235899852800973,10.857725445228287,22.493406187129928,3.5539581775665283,158.0,0.0024142857142857134,0.0024142857142857134,0.0024142857142857134
63,48.94989228248596,5.843410294988881,1,0,0.10851802944883536,metrics/mAP50-95,0.10952841326620916,metrics/mAP50-95,61,1.9912861002528148,2.0467455957246865,1.805378591236861,0.10851802944883536,0.41825726141078834,0.10851802944883536,0.3202714554976482,0.04680441991725432,0.10851802944883536,0.41825726141078834,0.3202714554976482,0.10851802944883536,0.03081717723496637,0.09759476790226733,0.1381114211769269,0.07074688796680498,0.2512448132780083,0.41825726141078834,0.41825726141078834,100.0,0.24666666666666667,0.40745614035087724,0.4522321428571428,0.20398822011826911,5.343631853031207,10.766100279892548,21.440539178968983,3.3876051902770996,158.0,0.002285714285714285,0.002285714285714285,0.002285714285714285
64,51.97489023208618,5.869832842246346,1,1,0.11068766760788734,metrics/mAP50-95,0.11068766760788734,metrics/mAP50-95,64,2.0022165010804716,2.054883745701417,1.8127326045347296,0.11068766760788734,0.4236514522821576,0.11068766760788734,0.3205648881016206,0.04456419941298513,0.11068766760788734,0.4236514522821576,0.3205648881016206,0.11068766760788734,0.03844287824128118,0.11227662726940477,0.1271060852002591,0.06991701244813278,0.2553941908713693,0.4236514522821576,0.4236514522821576,100.0,0.22666666666666666,0.41052631578947363,0.4633928571428571,0.2844831611536726,6.296649763855753,27.408927301817304,38.080254687538634,6.0166802406311035,158.0,0.0021571428571428557,0.0021571428571428557,0.0021571428571428557
65,49.03763675689697,5.8587483945100205,1,0,0.10652399450598524,metrics/mAP50-95,0.11068766760788734,metrics/mAP50-95,64,1.984412723261377,2.0754041736540585,1.7989315286926602,0.10652399450598524,0.4271784232365145,0.10652399450598524,0.3011065960163468,0.043731148445252416,0.10652399450598524,0.4271784232365145,0.3011065960163468,0.10652399450598524,0.025543572036921196,0.10731859742772891,0.12135909105349453,0.07012448132780083,0.2483402489626556,0.4271784232365145,0.4271784232365145,100.0,0.2633333333333333,0.4030701754385966,0.4736607142857143,0.24035912525804737,5.842086635058439,14.181868939460077,24.768308748172807,3.9133927822113037,158.0,0.002028571428571428,0.002028571428571428,0.002028571428571428
66,48.05266523361206,5.8921545329301255,1,1,0.11711961817909945,metrics/mAP50-95,0.11711961817909945,metrics/mAP50-95,66,1.9481256124765978,2.0803989120151685,1.8636300265789032,0.11711961817909945,0.4296680497925311,0.11711961817909945,0.3239876240491936,0.047327725276327816,0.11711961817909945,0.4296680497925311,0.3239876240491936,0.11711961817909945,0.036511830263463795,0.11216813256745577,0.14142700737021086,0.07531120331950207,0.2639004149377594,0.4296680497925311,0.4296680497925311,100.0,0.2066666666666667,0.40745614035087724,0.4821428571428572,0.28364416919177093,5.535928508903407,9.605845318564887,20.967664597909664,3.3128910064697266,158.0,0.001899999999999999,0.001899999999999999,0.001899999999999999
67,49.370001792907715,5.790784027265466,1,1,0.12961475749992826,metrics/mAP50-95,0.12961475749992826,metrics/mAP50-95,67,1.9273703538853189,2.0305281631324603,1.8328854908113894,0.12961475749992826,0.44253112033195025,0.12961475749992826,0.34613074779974023,0.06552821857006669,0.12961475749992826,0.44253112033195025,0.34613074779974023,0.12961475749992826,0.04501197599519623,0.11423277297352188,0.16517550412379642,0.07676348547717841,0.2744813278008299,0.44253112033195025,0.44253112033195025,100.0,0.21000000000000002,0.418421052631579,0.49821428571428567,0.20094461078885234,5.277170410639123,10.150935076460053,20.41327953338623,3.2252981662750244,158.0,0.0017714285714285696,0.0017714285714285696,0.0017714285714285696
68,48.233272075653076,5.742153172907622,1,0,0.12726339232720985,metrics/mAP50-95,0.12961475749992826,metrics/mAP50-95,67,1.8875986726387688,2.0394591365171517,1.8150953805964927,0.12726339232720985,0.4394190871369295,0.12726339232720985,0.3351671529245902,0.06424770843919529,0.12726339232720985,0.4394190871369295,0.3351671529245902,0.12726339232720985,0.045792207570031225,0.11310476574411811,0.16008779556511757,0.07593360995850622,0.27676348547717844,0.4394190871369295,0.4394190871369295,100.0,0.20666666666666664,0.41710526315789476,0.49330357142857134,0.2842356887044786,6.216053721270984,10.302376143540009,20.470317405990407,3.2343101501464844,158.0,0.001642857142857142,0.001642857142857142,0.001642857142857142
69,53.00622510910034,5.66222752177197,1,0,0.1215686486660203,metrics/mAP50-95,0.12961475749992826,metrics/mAP50-95,67,1.8763654283855273,1.9848935150581857,1.8009685835112696,0.1215686486660203,0.43713692946058097,0.1215686486660203,0.34243585252960096,0.059759247485655635,0.1215686486660203,0.43713692946058097,0.34243585252960096,0.1215686486660203,0.05287050507998646,0.10406106520388983,0.15589430476184143,0.07095435684647303,0.26659751037344404,0.43713692946058097,0.43713692946058097,100.0,0.2033333333333333,0.4214912280701754,0.484375,0.3079492834549916,6.058975111080121,17.555411857894704,27.333028708832174,4.318618535995483,158.0,0.0015142857142857145,0.0015142857142857145,0.0015142857142857145
70,48.81495118141174,5.598481349323107,1,1,0.13094649905480377,metrics/mAP50-95,0.13094649905480377,metrics/mAP50-95,70,1.8563998082409734,1.952453982570897,1.7896275494409644,0.13094649905480377,0.44170124481327805,0.13094649905480377,0.3584681654522708,0.065380839258981,0.13094649905480377,0.44170124481327805,0.3584681654522708,0.13094649905480377,0.05272368859137817,0.12483235749684958,0.16240289323039422,0.07946058091286307,0.2821576763485477,0.44170124481327805,0.44170124481327805,100.0,0.22000000000000003,0.41798245614035096,0.4955357142857144,0.3850867476644395,5.915349042868312,11.686738533309743,20.923638645606705,3.3059349060058594,158.0,0.0013857142857142853,0.0013857142857142853,0.0013857142857142853
71,50.64857244491577,5.604393166044484,1,0,0.11719112786994294,metrics/mAP50-95,0.13094649905480377,metrics/mAP50-95,70,1.845076602438222,1.9587095561234846,1.8006070450596188,0.11719112786994294,0.4338174273858921,0.11719112786994294,0.32128154123296404,0.055031076944865136,0.11719112786994294,0.4338174273858921,0.32128154123296404,0.11719112786994294,0.04617008823432348,0.10465119680297458,0.1485539073470055,0.07406639004149378,0.2724066390041494,0.4338174273858921,0.4338174273858921,100.0,0.18,0.42938596491228065,0.47232142857142856,0.22484230089791213,6.139335753042487,9.25610186178473,21.399303327632857,3.381089925765991,158.0,0.0012571428571428577,0.0012571428571428577,0.0012571428571428577
72,48.583462715148926,5.522627887518509,1,0,0.12792304370695945,metrics/mAP50-95,0.13094649905480377,metrics/mAP50-95,70,1.8191396840240643,1.926847130060196,1.776641107123831,0.12792304370695945,0.4435684647302905,0.12792304370695945,0.36229053707171643,0.06847858752596937,0.12792304370695945,0.4435684647302905,0.36229053707171643,0.12792304370695945,0.051062503074214734,0.1159656011287774,0.15783997031228145,0.07323651452282158,0.27717842323651454,0.4435684647302905,0.4435684647302905,100.0,0.18,0.4280701754385965,0.4946428571428571,0.2539550201802314,4.9909187268607225,10.763144191307358,21.523688412919828,3.400742769241333,158.0,0.0011285714285714284,0.0011285714285714284,0.0011285714285714284
73,51.46195983886719,5.484453227209008,1,0,0.12446411057754163,metrics/mAP50-95,0.13094649905480377,metrics/mAP50-95,70,1.8149891094021176,1.8959114590416783,1.773552671722744,0.12446411057754163,0.43921161825726146,0.12446411057754163,0.35187266434915715,0.05858033526542308,0.12446411057754163,0.43921161825726146,0.35187266434915715,0.12446411057754163,0.05398744309642659,0.10892769607104551,0.15497277592334827,0.07406639004149378,0.27178423236514526,0.43921161825726146,0.43921161825726146,100.0,0.2033333333333333,0.4171052631578947,0.49330357142857134,0.3125818469856359,5.357022526897961,11.832907230039186,21.221821821188627,3.3530478477478027,158.0,0.0009999999999999992,0.0009999999999999992,0.0009999999999999992
74,49.9206018447876,5.470336872598399,1,0,0.12166255798755074,metrics/mAP50-95,0.13094649905480377,metrics/mAP50-95,70,1.7983908005382703,1.9096287709215414,1.762317295955575,0.12166255798755074,0.43879668049792536,0.12166255798755074,0.3396425304258394,0.058753280391694515,0.12166255798755074,0.43879668049792536,0.3396425304258394,0.12166255798755074,0.06357040650511432,0.10150332776711535,0.15720251599700374,0.07697095435684648,0.27634854771784234,0.43879668049792536,0.43879668049792536,100.0,0.19,0.41052631578947374,0.5008928571428573,0.2406760107112836,5.645819857150693,15.917468674575225,26.146110100082204,4.131085395812988,158.0,0.0008714285714285716,0.0008714285714285716,0.0008714285714285716
75,51.59736680984497,5.388950721077297,1,0,0.1251202270463686,metrics/mAP50-95,0.13094649905480377,metrics/mAP50-95,70,1.779671223267265,1.870632969814798,1.738646518924962,0.1251202270463686,0.4346473029045644,0.1251202270463686,0.3377596931964975,0.0632778709550277,0.1251202270463686,0.4346473029045644,0.3377596931964975,0.1251202270463686,0.04148931006519462,0.11061093625798728,0.15731918615487298,0.08008298755186723,0.2796680497925311,0.4346473029045644,0.4346473029045644,100.0,0.16999999999999998,0.41271929824561404,0.4924107142857143,0.2183310593230815,6.262590613546251,10.157654557047012,21.59127253520338,3.411421060562134,158.0,0.0007428571428571423,0.0007428571428571423,0.0007428571428571423
76,115.22380328178406,5.390197302984155,1,0,0.12688289434073638,metrics/mAP50-95,0.13094649905480377,metrics/mAP50-95,70,1.7761693843033002,1.878437234007794,1.7355907015178516,0.12688289434073638,0.43485477178423243,0.12688289434073638,0.35555493489897616,0.0684937676102292,0.12688289434073638,0.43485477178423243,0.35555493489897616,0.12688289434073638,0.055604986502077174,0.11359195919447143,0.1591891300511938,0.07821576763485477,0.28526970954356845,0.43485477178423243,0.43485477178423243,100.0,0.18,0.41008771929824556,0.49419642857142854,0.23070619076113155,5.952208856993083,51.90892310082158,64.07731545122364,10.124215841293335,158.0,0.000614285714285713,0.000614285714285713,0.000614285714285713
77,99.18002390861511,5.375492567601412,1,0,0.11951996549495203,metrics/mAP50-95,0.13094649905480377,metrics/mAP50-95,70,1.7593607397183129,1.8818727433681488,1.7342591195002846,0.11951996549495203,0.43672199170124476,0.11951996549495203,0.3309334454614194,0.05343667418251858,0.11951996549495203,0.43672199170124476,0.3309334454614194,0.11951996549495203,0.048121726745643356,0.10318725714540551,0.15333057355858287,0.07489626556016597,0.27178423236514526,0.43672199170124476,0.43672199170124476,100.0,0.19333333333333333,0.40701754385964917,0.4995535714285714,0.19067450414730025,5.261092246333255,32.005439830731746,42.849622195280055,6.770240306854248,158.0,0.0004857142857142855,0.0004857142857142855,0.0004857142857142855
78,312.8467826843262,5.293721624042677,1,0,0.1268452974850641,metrics/mAP50-95,0.13094649905480377,metrics/mAP50-95,70,1.7438212736793186,1.83176361348318,1.7181367511334626,0.1268452974850641,0.429253112033195,0.1268452974850641,0.3531678586397955,0.0656770154333039,0.1268452974850641,0.429253112033195,0.3531678586397955,0.1268452974850641,0.049215405871734626,0.10789441020662052,0.16066173598723973,0.07531120331950207,0.2794605809128631,0.429253112033195,0.429253112033195,100.0,0.18333333333333332,0.3960526315789474,0.49598214285714287,0.3742507741421084,6.799331194237817,57.98372135886663,70.44121585314787,11.129712104797363,158.0,0.0003571428571428562,0.0003571428571428562,0.0003571428571428562
79,197.8303668498993,5.266545617062112,1,0,0.12622839785954312,metrics/mAP50-95,0.13094649905480377,metrics/mAP50-95,70,1.7268422388512155,1.8348827232485232,1.7048206588496333,0.12622839785954312,0.42966804979253104,0.12622839785954312,0.34318932745714026,0.06831507206399892,0.12622839785954312,0.42966804979253104,0.34318932745714026,0.12622839785954312,0.046650120579059616,0.1112345961184768,0.15816755867002244,0.07489626556016597,0.2740663900414938,0.42966804979253104,0.42966804979253104,100.0,0.1766666666666667,0.4052631578947368,0.48839285714285713,0.24559678910653804,6.626732741730122,34.59992740727679,45.44311686407162,7.180012464523315,158.0,0.00022857142857142868,0.00022857142857142868,0.00022857142857142868
80,111.1907126903534,5.226142525672913,1,0,0.12622261058530584,metrics/mAP50-95,0.13094649905480377,metrics/mAP50-95,70,1.7149985056856405,1.8115568199883336,1.6995872362800266,0.12622261058530584,0.429253112033195,0.12622261058530584,0.35373274200485316,0.065121157507421,0.12622261058530584,0.429253112033195,0.35373274200485316,0.12622261058530584,0.04727590158901785,0.11424174846145135,0.15597198072151627,0.07717842323651451,0.2778008298755187,0.429253112033195,0.429253112033195,100.0,0.16999999999999998,0.4109649122807017,0.4825892857142858,0.2107197725320164,5.483610720574101,14.986702158481261,26.094003568721725,4.122852563858032,158.0,9.99999999999994e-05,9.99999999999994e-05,9.99999999999994e-05
